{
  "accuracy": [
    0.26371949911117554,
    0.45121949911117554,
    0.625,
    0.7240853905677795,
    0.7820122241973877,
    0.8567073345184326,
    0.8719512224197388,
    0.7804877758026123,
    0.855182945728302,
    0.8978658318519592,
    0.8460366129875183,
    0.7347561120986938,
    0.8734756112098694,
    0.9420731663703918,
    0.9695122241973877,
    0.9817073345184326,
    0.9786585569381714,
    0.9542682766914368,
    0.9588414430618286,
    0.9756097793579102,
    0.9725610017776489,
    0.9832317233085632,
    0.9862805008888245,
    0.9908536672592163,
    0.980182945728302,
    0.9771341681480408,
    0.9878048896789551,
    0.9984756112098694,
    0.9984756112098694,
    0.9939024448394775,
    0.9969512224197388,
    0.9969512224197388,
    0.9984756112098694,
    0.9984756112098694,
    0.9634146094322205,
    0.9862805008888245,
    0.9939024448394775
  ],
  "loss": [
    2.0360684394836426,
    1.4071766138076782,
    1.0257598161697388,
    0.8016741871833801,
    0.7057427763938904,
    0.4529208242893219,
    0.4558180868625641,
    0.5883745551109314,
    0.41200199723243713,
    0.32384878396987915,
    0.5488080978393555,
    0.7404910326004028,
    0.4039055109024048,
    0.2357383370399475,
    0.18224811553955078,
    0.12680335342884064,
    0.11106714606285095,
    0.17929606139659882,
    0.17855694890022278,
    0.10712675750255585,
    0.10822441428899765,
    0.07666537910699844,
    0.06781909614801407,
    0.061136506497859955,
    0.0887804627418518,
    0.09968844056129456,
    0.056047894060611725,
    0.03671680763363838,
    0.0385255366563797,
    0.035779841244220734,
    0.030020616948604584,
    0.02830302156507969,
    0.025028590112924576,
    0.02674100734293461,
    0.18099762499332428,
    0.052154604345560074,
    0.027733933180570602
  ],
  "val_accuracy": [
    0.4429223835468292,
    0.6301369667053223,
    0.7214611768722534,
    0.8082191944122314,
    0.8082191944122314,
    0.853881299495697,
    0.7945205569267273,
    0.8310502171516418,
    0.9634703397750854,
    0.913241982460022,
    0.543379008769989,
    0.844748854637146,
    0.9406392574310303,
    0.9680365324020386,
    0.9817351698875427,
    0.9680365324020386,
    0.9726027250289917,
    0.9497717022895813,
    0.9771689772605896,
    0.9634703397750854,
    0.9817351698875427,
    0.9634703397750854,
    0.9817351698875427,
    0.9863013625144958,
    0.9771689772605896,
    0.9817351698875427,
    0.990867555141449,
    0.9817351698875427,
    0.9863013625144958,
    0.9817351698875427,
    0.9863013625144958,
    0.9863013625144958,
    0.9863013625144958,
    0.9634703397750854,
    0.9406392574310303,
    0.9817351698875427,
    0.9863013625144958
  ],
  "val_loss": [
    1.6937884092330933,
    1.0515499114990234,
    0.8945068717002869,
    0.7240769267082214,
    0.5559589862823486,
    0.46221593022346497,
    0.6405544877052307,
    0.43027323484420776,
    0.21972548961639404,
    0.2784442901611328,
    1.3806817531585693,
    0.6044563055038452,
    0.23003873229026794,
    0.1375899612903595,
    0.11285585165023804,
    0.11908520013093948,
    0.08581706136465073,
    0.19347640872001648,
    0.08433394134044647,
    0.1053270697593689,
    0.0644872859120369,
    0.12239488214254379,
    0.06128835305571556,
    0.047091808170080185,
    0.07308416813611984,
    0.062110286206007004,
    0.04272390902042389,
    0.06473347544670105,
    0.05440463498234749,
    0.08129788190126419,
    0.05650898441672325,
    0.05918050929903984,
    0.061034440994262695,
    0.2120230793952942,
    0.19670335948467255,
    0.08735232055187225,
    0.0643734484910965
  ],
  "learning_rate": [
    0.000699999975040555,
    0.000699999975040555,
    0.000699999975040555,
    0.000699999975040555,
    0.000699999975040555,
    0.000699999975040555,
    0.000699999975040555,
    0.000699999975040555,
    0.000699999975040555,
    0.000699999975040555,
    0.000699999975040555,
    0.000699999975040555,
    0.000699999975040555,
    0.0003499999875202775,
    0.0003499999875202775,
    0.0003499999875202775,
    0.0003499999875202775,
    0.0003499999875202775,
    0.0003499999875202775,
    0.0003499999875202775,
    0.0003499999875202775,
    0.0003499999875202775,
    0.0003499999875202775,
    0.0003499999875202775,
    0.0003499999875202775,
    0.0003499999875202775,
    0.0003499999875202775,
    0.0003499999875202775,
    0.0003499999875202775,
    0.0003499999875202775,
    0.0003499999875202775,
    0.00017499999376013875,
    0.00017499999376013875,
    0.00017499999376013875,
    0.00017499999376013875,
    8.749999688006938e-05,
    8.749999688006938e-05
  ]
}